,composer,trackID,trackNumber,duration,record-label,publisher
0,,STN006,2.0,00:00:49:16,EXTREME SPACE TONES,EXTREME MUSIC
1,,XRC035,3.0,00:00:25:21,EXTREME REALITY CHECK SERIES,EXTREME MUSIC
2,,XMT618,30.0,00:00:32:08,EXTREME MIXTAPE SERIES,EXTREME MUSIC
3,,XCD187,1.0,00:01:06:17,EXTREME X-SERIES,EXTREME MUSIC
4,,STN006,2.0,00:00:08:11,EXTREME SPACE TONES,EXTREME MUSIC
5,Bestion Cavalier,UPM KOS584,1.0,00:00:22:09,UNITY PRODUCTION MUSIC LIBRARY,ADRENALIN SOUNDS PTY LTD
6,,BXM640,50.0,00:01:00:06,BRAND X TRAILER MUSIC,BEATBOX MUSIC PTY LTD
7,,,,,T Gire,
8,,SCS107,1.0,00:01:43:08,EXTREME SCOREGANICS SERIES,EXTREME MUSIC
9,,SCS107,1.0,00:00:24:07,EXTREME SCOREGANICS SERIES,EXTREME MUSIC
10,,CDM324,2.0,00:01:30:02,SELECTED SOUND,EMI PRODUCTION MUSIC
11,,,,,R Paillot,
12,,BAM110,26.0,00:01:01:03,BAM,BEATBOX MUSIC PTY LTD
13,,,,,P Peters,
14,Parry,UPM PKT15,6.0,00:00:32:23,UNITY PRODUCTION MUSIC LIBRARY,ADRENALIN SOUNDS PTY LTD
15,Bestion Cavalier,UPM KOS584,1.0,00:01:19:03,UNITY PRODUCTION MUSIC LIBRARY,ADRENALIN SOUNDS PTY LTD
16,,XMT154,6.0,00:00:16:07,EXTREME MIXTAPE SERIES,EXTREME MUSIC
17,,XMT154,4.0,00:00:39:15,EXTREME MIXTAPE SERIES,EXTREME MUSIC
18,,DCD099,1.0,00:00:18:21,EXTREME DIRECTORS CUTS SERIES,EXTREME MUSIC
19,,IPM090,21.0,00:00:45:04,IMPRESSIVE MINDS,BMG PRODUCTION MUSIC
20,,,,,P Honey,
21,,DCD099,1.0,00:00:22:24,EXTREME DIRECTORS CUTS SERIES,EXTREME MUSIC
22,,IPM090,21.0,00:00:45:04,IMPRESSIVE MINDS,BMG PRODUCTION MUSIC
23,,,,,P Honey,
24,J Chopra,GCR030,60.0,00:00:57:13,GARGANTUAN CREATIVE,BEATBOX MUSIC PTY LTD
25,T Pritchard,,,,,
26,Dodson,UPM BR630,7.0,00:00:40:18,UNITY PRODUCTION MUSIC LIBRARY,ADRENALIN SOUNDS PTY LTD
27,S Ashley,4US125,1.0,00:01:22:20,411 PRODUCTION MUSIC UNDERSCORE,BEATBOX MUSIC PTY LTD
28,E McNeely,,,,,
29,,LVM041,6.0,00:00:10:06,LOVELY MUSIC,BEATBOX MUSIC PTY LTD
30,,,,,M P Holt,
31,,XTS021,14.0,00:00:33:15,EXTREME TWO STEPS FROM HELL SERIES,EXTREME MUSIC
32,,XTS021,14.0,,EXTREME TWO STEPS FROM HELL SERIES,EXTREME MUSIC
33,,SCS056,3.0,00:00:28:24,EXTREME SCOREGANICS SERIES,EXTREME MUSIC
34,,NLM160,3.0,00:00:16:16,9 LIVES MUSIC,BEATBOX MUSIC PTY LTD
35,,,,,R Dutnall,
36,Andres Orsi,UPM KOS629,25.0,00:01:09:16,UNITY PRODUCTION MUSIC LIBRARY,ADRENALIN SOUNDS PTY LTD
37,,AUM049,142.0,00:00:47:22,ALTITUDE UNDERSCORE,BMG PRODUCTION MUSIC
38,,,,,D Lozinski,
39,,XCD426,9.0,00:01:05:16,EXTREME X-SERIES,EXTREME MUSIC
40,,XCD426,9.0,00:00:42:10,EXTREME X-SERIES,EXTREME MUSIC
41,,XCD426,9.0,00:00:19:23,EXTREME X-SERIES,EXTREME MUSIC
42,,XCD223,4.0,00:01:14:06,EXTREME X-SERIES,EXTREME MUSIC
43,,LAA036,1.0,00:01:04:23,EXTREME LAW & AUDIO SERIES,EXTREME MUSIC
44,,LAA036,1.0,,EXTREME LAW & AUDIO SERIES,EXTREME MUSIC
45,,XRC050,7.0,00:01:05:07,EXTREME REALITY CHECK SERIES,EXTREME MUSIC
46,,BBX279,27.0,00:00:58:16,BEATBOX,BEATBOX MUSIC PTY LTD
47,,,,,A Sewell,
48,,MNM070,8.0,00:01:24:24,ONETRACKADAY,BMG PRODUCTION MUSIC
49,,,,,C Ugenti,
50,,,,,Inside,
51,P Ruske,DBX013,57.0,00:01:58:01,DRAMABOX,BEATBOX MUSIC PTY LTD
52,M Edwards,,,,,
53,Glenn Herweijer Ben Sumner,KPM KPM 0956,401.0,00:00:36:17,KPM (ON LP),EMI PRODUCTION MUSIC
54,C White,NLM162,7.0,00:01:07:19,9 LIVES MUSIC,BEATBOX MUSIC PTY LTD
55,James Miles Hankins Jeffr,ADD ADD 0003,,00:01:33:23,ADAPT,FABLE MUSIC PTY LTD
56,,HPE130,5.0,00:00:30:06,EXTREME MTVN HYPE CATALOGUE,EXTREME MUSIC
57,R Time,,8.0,00:00:50:04,Morning Glory (No Theme),
58,D Carter,,,,Mr Roth,
59,N Be,,,,,
60,,CDM318,15.0,00:00:45:20,SELECTED SOUND,EMI PRODUCTION MUSIC
61,,,,,D Viseux,
62,,RSM286,8.0,00:00:55:09,RONALD STEIN,BMG PRODUCTION MUSIC
63,,,,,J Woodall,
64,,JW2282,2.0,00:01:26:20,JW MEDIA MUSIC,BEATBOX MUSIC PTY LTD
65,,,,,J Johnson,
66,,XCD383,2.0,00:00:32:06,EXTREME X-SERIES,EXTREME MUSIC
67,S Bonacio,MUM232,1.0,00:00:17:12,ONETRACKADAY,BMG PRODUCTION MUSIC
68,,,,,K L Shanker,
69,,VNX022,6.0,00:00:53:02,EXTREME VELVET EARS SERIES,EXTREME MUSIC
70,B Deshayes,BX035,8.0,00:00:45:17,Diner Time,
71,N Clergue,,,,,
72,Parry,UPM PKT15,6.0,00:00:41:24,UNITY PRODUCTION MUSIC LIBRARY,ADRENALIN SOUNDS PTY LTD
73,A Deeping,NLM146,4.0,00:00:33:14,9 LIVES MUSIC,BEATBOX MUSIC PTY LTD
74,B Howells,,,,,
75,Magnum Opus,RAYDIA RAYDIA 0076,,00:00:51:11,RAYDIA,EMI PRODUCTION MUSIC
76,,NLM160,2.0,00:00:28:23,9 LIVES MUSIC,BEATBOX MUSIC PTY LTD
77,,,,,T Hewson,
78,,SCS014,6.0,00:00:38:06,EXTREME SCOREGANICS SERIES,EXTREME MUSIC
79,,XCD080,1.0,00:00:24:01,EXTREME X-SERIES,EXTREME MUSIC
80,,SCS014,6.0,00:00:38:06,EXTREME SCOREGANICS SERIES,EXTREME MUSIC
81,,XRC015,10.0,00:01:09:23,EXTREME REALITY CHECK SERIES,EXTREME MUSIC
82,,XRC015,4.0,00:00:57:00,EXTREME REALITY CHECK SERIES,EXTREME MUSIC
83,,XRC015,7.0,00:01:12:21,EXTREME REALITY CHECK SERIES,EXTREME MUSIC
84,,XRC015,5.0,00:00:41:03,EXTREME REALITY CHECK SERIES,EXTREME MUSIC
85,,XRC032,2.0,00:00:29:01,EXTREME REALITY CHECK SERIES,EXTREME MUSIC
86,,XRC015,6.0,00:00:26:18,EXTREME REALITY CHECK SERIES,EXTREME MUSIC
87,,SCS014,6.0,00:00:41:20,EXTREME SCOREGANICS SERIES,EXTREME MUSIC
88,,XRC018,1.0,00:01:32:04,EXTREME REALITY CHECK SERIES,EXTREME MUSIC
89,,XMT618,30.0,00:01:39:12,EXTREME MIXTAPE SERIES,EXTREME MUSIC
90,,STN006,2.0,00:00:29:10,EXTREME SPACE TONES,EXTREME MUSIC
91,,STN006,2.0,,EXTREME SPACE TONES,EXTREME MUSIC
