composer,trackID,trackNumber,duration,trackTitle
,STN006,2,00:00:49:16,TEAM SPACE LIGHT
,XRC035,3,00:00:25:21,BASKET CASE NO ORCHESTRA
,XMT618,30,00:00:32:08,MATH LAB
,XCD187,1,00:01:06:17,IF YOU BELIEVE (
,STN006,2,00:00:08:11,TEAM SPACE BASS AND PERCUSSION ONLY
Bestion Cavalier,UPM KOS584,1,00:00:22:09,Be Inspired
,BXM640,50,00:01:00:06,Mission Probable
,,,,T Gire
,SCS107,1,00:01:43:08,LETS GET THIS DONE
,SCS107,1,00:00:24:07,LETS GET THIS DONE
,CDM324,2,00:01:30:02,Cheeky Family
,,,,R Paillot
,BAM110,26,00:01:01:03,How We Doing
,,,,P Peters
Parry,UPM PKT15,6,00:00:32:23,Begin Again
Bestion Cavalier,UPM KOS584,1,00:01:19:03,Be Inspired
,XMT154,6,00:00:16:07,WARP LORD
,XMT154,4,00:00:39:15,1UP
,DCD099,1,00:00:18:21,IN ODD WE TRUST INSTRUMENTAL
,IPM090,21,00:00:45:04,Gallery Of Light
,,,,P Honey
,DCD099,1,00:00:22:24,IN ODD WE TRUST INSTRUMENTAL
,IPM090,21,00:00:45:04,Gallery Of Light
,,,,P Honey
J Chopra,GCR030,60,00:00:57:13,Feeling Playful
T Pritchard,,,,
Dodson,UPM BR630,7,00:00:40:18,Analysis
S Ashley,4US125,1,00:01:22:20,Backwoods Boots
E McNeely,,,,
,LVM041,6,00:00:10:06,Mission Improbable
,,,,M P Holt
,XTS021,14,00:00:33:15,ELYSIUM
,XTS021,14,,ELYSIUM AIF
,SCS056,3,00:00:28:24,LAUNCH PAD
,NLM160,3,00:00:16:16,Astral Beauty
,,,,R Dutnall
Andres Orsi,UPM KOS629,25,00:01:09:16,Friendly Games Instrumental
,AUM049,142,00:00:47:22,Over Mountains And Across Seas
,,,,D Lozinski
,XCD426,9,00:01:05:16,ALCHEMY NO STRINGS
,XCD426,9,00:00:42:10,ALCHEMY STRINGS ONLY
,XCD426,9,00:00:19:23,ALCHEMY NO STRINGS
,XCD223,4,00:01:14:06,DANCING WITH DRAGONS
,LAA036,1,00:01:04:23,THE HEAL DEAL
,LAA036,1,,THE HEAL DEAL
,XRC050,7,00:01:05:07,WISHING ON EMPTY
,BBX279,27,00:00:58:16,Hoping For A Miracle
,,,,A Sewell
,MNM070,8,00:01:24:24,Inside
,,,,C Ugenti
,,,,Inside
P Ruske,DBX013,57,00:01:58:01,Desperately Hoping
M Edwards,,,,
Glenn Herweijer Ben Sumner,KPM KPM 0956,401,00:00:36:17,DIGITAL CLOUDS A
C White,NLM162,7,00:01:07:19,Approaching Challenges
James Miles Hankins Jeffr,ADD ADD 0003,,00:01:33:23,A DIFFERENT PATH A
,HPE130,5,00:00:30:06,CANDY INSTRUMENTAL
R Time,,8,00:00:50:04,Morning Glory (No Theme)
D Carter,,,,Mr Roth
N Be,,,,
,CDM318,15,00:00:45:20,Go Vegan
,,,,D Viseux
,RSM286,8,00:00:55:09,New Direction
,,,,J Woodall
,JW2282,2,00:01:26:20,Building The Barn
,,,,J Johnson
,XCD383,2,00:00:32:06,WE ARE WONDERFUL INSTRUMENTAL
S Bonacio,MUM232,1,00:00:17:12,Cosmo
,,,,K L Shanker
,VNX022,6,00:00:53:02,BUBBLE GUM SOUP
B Deshayes,BX035,8,00:00:45:17,Diner Time
N Clergue,,,,
Parry,UPM PKT15,6,00:00:41:24,Begin Again
A Deeping,NLM146,4,00:00:33:14,Scientific Breakthrough
B Howells,,,,
Magnum Opus,RAYDIA RAYDIA 0076,,00:00:51:11,KISMET A
,NLM160,2,00:00:28:23,Ambient Flickers
,,,,T Hewson
,SCS014,6,00:00:38:06,AFFIRMATIVE REACTION
,XCD080,1,00:00:24:01,SMOKO LOCO
,SCS014,6,00:00:38:06,AFFIRMATIVE REACTION
,XRC015,10,00:01:09:23,LEAN DAY LIGHT
,XRC015,4,00:00:57:00,THE FLYING GAME LIGHT
,XRC015,7,00:01:12:21,LIVING FORWARD
,XRC015,5,00:00:41:03,PRETTY DAMN HAPPY
,XRC032,2,00:00:29:01,CASH IS KING AMBIENT
,XRC015,6,00:00:26:18,MAKING IT HAPPEN
,SCS014,6,00:00:41:20,AFFIRMATIVE REACTION
,XRC018,1,00:01:32:04,SILVER LININGS AMBIENT
,XMT618,30,00:01:39:12,MATH LAB
,STN006,2,00:00:29:10,TEAM SPACE
,STN006,2,,TEAM SPACE AIF